imageName,VisType,NormalizedVC,nodes,edges,attributes,attr_density,edge_density,positive_count,negative_count,positive_ratio,subtopics_covered,regions_used
wsj21.png,Area,0.63,4,4,6,1.5,0.333,3,7,0.3,4,4
InfoVisJ.1009.9.png,Area,0.73,5,4,6,1.2,0.2,9,1,0.9,4,4
visMost777.png,Area,0.64,5,4,6,1.2,0.2,10,0,1.0,4,4
v484_n7395_11_f2.png,Area,0.7,5,3,6,1.2,0.15,9,0,1.0,3,3
vis3.png,Area,0.7,6,5,6,1.0,0.167,11,0,1.0,5,4
visMost97.png,Area,0.38,5,4,6,1.2,0.2,0,10,0.0,4,3
whoJ40_2.png,Area,0.28,4,3,5,1.25,0.25,4,4,0.5,3,2
economist_daily_chart_493.png,Area,0.59,6,4,6,1.0,0.133,10,0,1.0,4,5
VASTC.107.10.png,Area,0.63,6,4,6,1.0,0.133,9,1,0.9,4,4
visMost786.png,Area,0.53,5,4,5,1.0,0.2,2,7,0.22,2,4
visMost325.png,Area,0.61,6,5,7,1.17,0.167,12,0,1.0,5,4
InfoVisJ.2402.12(1).png,Area,0.88,6,4,6,1.0,0.133,10,0,1.0,4,3
visMost147.png,Area,0.59,6,5,7,1.17,0.167,10,2,0.83,5,3
VisJ.1261.4.png,Area,0.6,5,4,6,1.2,0.2,10,0,1.0,4,4
v484_n7395_11_f1.png,Area,0.6,5,4,5,1.0,0.2,9,0,1.0,4,3
whoQ26.png,Area,0.37,6,5,7,1.17,0.167,3,9,0.25,5,3
economist_daily_chart_140.png,Area,0.52,7,5,7,1.0,0.119,12,0,1.0,5,5
economist_daily_chart_317.png,Area,0.45,6,5,7,1.17,0.167,6,6,0.5,5,4
InfoVisJ.678.17.png,Area,0.51,4,3,5,1.25,0.25,0,8,0.0,3,2
visMost573.png,Area,0.77,7,5,8,1.14,0.119,12,1,0.92,5,4
whoK06_1.png,Area,0.55,5,4,5,1.0,0.2,9,0,1.0,4,3
economist_daily_chart_267.png,Area,0.52,5,3,5,1.0,0.15,6,2,0.75,3,4
v486_n7403_11_f2.png,Area,0.38,5,3,5,1.0,0.15,7,1,0.88,3,3
VASTJ.1763.9.png,Area and Text,0.74,5,4,6,1.2,0.2,10,0,1.0,4,3
InfoVisJ.2402.12.png,Area,0.83,6,5,7,1.17,0.167,12,0,1.0,5,4
wsj72.png,Area,0.52,5,4,5,1.0,0.2,0,9,0.0,4,4
treasuryL11_2.png,Area,0.38,5,3,5,1.0,0.15,0,8,0.0,3,4
wsj99.png,Area,0.52,5,4,5,1.0,0.2,9,0,1.0,4,4
economist_daily_chart_406.png,Area,0.59,5,4,5,1.0,0.2,0,9,0.0,4,5
economist_daily_chart_153.png,Area,0.53,5,4,6,1.2,0.2,0,10,0.0,4,3
whoQ58_3.png,Area,0.51,7,5,7,1.0,0.119,12,0,1.0,5,4
treasuryL03_2.png,Area,0.56,4,4,7,1.75,0.333,11,0,1.0,4,3
economist_daily_chart_124.png,Area,0.5,6,5,7,1.17,0.167,7,5,0.58,5,4
VASTJ.91.6.png,Area,0.64,4,3,5,1.25,0.25,8,0,1.0,3,2
whoQ44_4.png,Area,0.52,6,5,7,1.17,0.167,8,4,0.67,5,3
visMost457.png,Area,0.65,5,4,6,1.2,0.2,10,0,1.0,4,4
InfoVisC.115.3.png,Area,0.7,6,4,6,1.0,0.133,10,0,1.0,4,3
visMost393.png,Area,0.73,5,3,5,1.0,0.15,0,8,0.0,3,4
InfoVisC.173.7(1).png,Area,0.68,5,4,5,1.0,0.2,9,0,1.0,4,4
vis853.png,Area,0.71,5,4,5,1.0,0.2,8,1,0.89,4,3
whoQ58_4.png,Area,0.29,5,4,5,1.0,0.2,0,9,0.0,4,4
wsj511.png,Area,0.37,5,3,5,1.0,0.15,0,8,0.0,3,3
vis630.png,Area,0.39,5,4,7,1.4,0.2,11,0,1.0,4,4
VASTJ.828.7.png,Area,0.47,5,4,5,1.0,0.2,3,6,0.33,4,3
VASTJ.320.11.png,Area,0.47,5,3,5,1.0,0.15,8,0,1.0,3,5
whoK16_3.png,Area,0.5,5,4,5,1.0,0.2,7,2,0.78,4,3
InfoVisJ.1634.6.png,Area,0.52,5,4,5,1.0,0.2,9,0,1.0,4,3
InfoVisJ.1236.13.png,Area,0.53,6,5,6,1.0,0.167,11,0,1.0,5,3
whoO10_2.png,Area,0.53,5,3,5,1.0,0.15,6,2,0.75,3,3
InfoVisJ.1634.1.png,Area,0.57,5,4,5,1.0,0.2,9,0,1.0,4,5
InfoVisJ.978.3.png,Area,0.57,5,4,5,1.0,0.2,9,0,1.0,4,3
InfoVisJ.599.4.png,Area,0.58,5,3,5,1.0,0.15,7,1,0.88,3,2
whoJ48_2.png,Area,0.6,5,4,5,1.0,0.2,2,7,0.22,4,3
InfoVisC.211.8.png,Area,0.63,5,5,7,1.4,0.25,7,5,0.58,5,4
vis718.png,Area,0.63,5,4,5,1.0,0.2,9,0,1.0,4,4
InfoVisJ.2072.16.png,Area,0.65,5,5,6,1.2,0.25,11,0,1.0,5,4
economist_daily_chart_110.png,Area,0.65,6,5,7,1.17,0.167,11,1,0.92,5,3
v488_n7412_9_f1.png,Area,0.67,5,4,5,1.0,0.2,9,0,1.0,4,4
InfoVisJ.881.15.png,Area,0.7,5,2,5,1.0,0.1,6,1,0.86,2,3
InfoVisC.115.4.png,Area,0.71,5,4,5,1.0,0.2,9,0,1.0,4,3
SciVisJ.700.5.png,Area,0.71,5,4,5,1.0,0.2,9,0,1.0,4,3
InfoVisC.173.9(1).png,Area,0.78,5,4,5,1.0,0.2,9,0,1.0,4,2
vis278.png,Area,0.87,5,4,5,1.0,0.2,0,9,0.0,4,4
InfoVisC.24.8.png,Area,0.87,5,4,6,1.2,0.2,10,0,1.0,3,2
InfoVisC.24.8(1).png,Area,0.94,6,5,7,1.17,0.167,10,2,0.83,5,4
InfoVisJ.1054.3.png,Area,0.39,5,4,5,1.0,0.2,8,1,0.89,4,4
wsj226.png,Bar,0.58,6,5,6,1.0,0.167,9,2,0.82,4,3
InfoVisC.57.4.png,Bar,0.58,5,3,6,1.2,0.15,9,0,1.0,3,4
economist_daily_chart_106.png,Bar,0.53,5,3,5,1.0,0.15,7,1,0.88,3,3
InfoVisJ.1204.7.png,Bar,0.42,5,4,5,1.0,0.2,9,0,1.0,4,3
wsj292.png,Bar,0.51,5,4,5,1.0,0.2,9,0,1.0,4,4
economist_daily_chart_165.png,Bar,0.43,7,4,7,1.0,0.095,5,6,0.45,4,6
economist_daily_chart_75.png,Bar,0.28,4,4,5,1.25,0.333,9,0,1.0,4,3
VASTJ.1720.4.png,Bar,0.29,4,3,5,1.25,0.25,0,8,0.0,3,4
InfoVisC.65.8.png,Bar,0.31,5,4,6,1.2,0.2,2,8,0.2,4,4
InfoVisJ.2639.8.png,Bar,0.71,5,4,5,1.0,0.2,9,0,1.0,4,3
visMost533.png,Bar,0.92,6,5,7,1.17,0.167,12,0,1.0,5,6
whoB32_1.png,Bar,0.42,5,4,6,1.2,0.2,10,0,1.0,4,4
InfoVisJ.609.8.png,Bar,0.69,5,4,5,1.0,0.2,0,9,0.0,3,5
wsj340.png,Bar,0.36,6,4,6,1.0,0.133,0,10,0.0,4,5
economist_daily_chart_4.png,Bar,0.55,5,3,5,1.0,0.15,8,0,1.0,3,4
economist_daily_chart_5.png,Bar,0.49,5,3,5,1.0,0.15,8,0,1.0,3,4
InfoVisJ.631.1(2).png,Bar,0.74,6,4,7,1.17,0.133,11,0,1.0,4,3
SciVisJ.995.5.png,Bar,0.22,5,3,5,1.0,0.15,2,6,0.25,3,3
whoQ50_2.png,Bar,0.28,4,3,5,1.25,0.25,0,8,0.0,3,4
economist_daily_chart_167.png,Bar,0.43,5,4,6,1.2,0.2,0,10,0.0,4,5
vis678.png,Bar,0.65,6,4,7,1.17,0.133,11,0,1.0,4,4
InfoVisJ.924.5.png,Bar,0.42,5,4,5,1.0,0.2,0,9,0.0,4,5
VisC.167.11.png,Bar,0.5,5,4,5,1.0,0.2,0,9,0.0,4,4
v483_n7388_11_f2.png,Bar,0.57,5,4,5,1.0,0.2,9,0,1.0,4,5
VisC.503.6.png,Bar,0.22,5,4,5,1.0,0.2,5,4,0.56,4,4
wsj135.png,Bar,0.35,6,4,6,1.0,0.133,0,10,0.0,3,4
VASTJ.412.3.png,Bar,0.36,5,3,5,1.0,0.15,0,8,0.0,3,4
whoK23_2.png,Bar,0.54,5,4,5,1.0,0.2,9,0,1.0,4,4
vis230.png,Bar,0.64,5,4,5,1.0,0.2,9,0,1.0,4,5
InfoVisJ.459.8.png,Bar,0.77,5,3,5,1.0,0.15,4,4,0.5,3,4
SciVisJ.603.12.png,Bar,0.67,5,4,6,1.2,0.2,10,0,1.0,4,3
VASTJ.1374.4.png,Bar,0.56,4,3,4,1.0,0.25,0,7,0.0,3,4
wsj28.png,Bar,0.48,5,3,5,1.0,0.15,8,0,1.0,3,5
VASTC.72.13.png,Bar,0.27,5,4,5,1.0,0.2,9,0,1.0,4,4
InfoVisC.211.18.png,Bar,0.3,4,3,5,1.25,0.25,0,8,0.0,3,4
VASTJ.432.6.png,Bar,0.3,4,3,5,1.25,0.25,0,8,0.0,3,4
InfoVisJ.1084.2.png,Bar,0.33,4,3,4,1.0,0.25,4,3,0.57,3,2
VASTC.51.6.png,Bar,0.35,5,4,5,1.0,0.2,8,1,0.89,3,4
economist_daily_chart_520.png,Bar,0.44,4,3,4,1.0,0.25,7,0,1.0,3,3
VASTJ.1332.5.png,Bar,0.45,5,4,5,1.0,0.2,0,9,0.0,3,3
wsj536.png,Bar,0.45,4,4,6,1.5,0.333,10,0,1.0,4,2
whoO06_2.png,Bar,0.45,4,3,5,1.25,0.25,4,4,0.5,3,4
whoQ14_2.png,Bar,0.46,5,4,5,1.0,0.2,9,0,1.0,4,4
VASTJ.1720.12.png,Bar and point,0.46,5,3,5,1.0,0.15,0,8,0.0,3,4
whoB03_1.png,Bar,0.47,4,3,5,1.25,0.25,0,8,0.0,3,4
wsj360.png,Bar,0.49,4,3,5,1.25,0.25,8,0,1.0,3,4
v487_n7408_15_f3.png,Bar,0.52,4,4,5,1.25,0.333,8,1,0.89,4,2
v490_n7418_1_f2.png,Bar,0.66,5,4,5,1.0,0.2,9,0,1.0,4,3
VASTJ.101.1.png,Bar,0.74,5,4,6,1.2,0.2,10,0,1.0,4,3
visMost54.png,Bar,0.79,6,3,6,1.0,0.1,9,0,1.0,3,4
wsj299.png,Bar,0.62,5,4,5,1.0,0.2,9,0,1.0,4,4
whoB17_1.png,Bar,0.52,5,3,5,1.0,0.15,6,2,0.75,3,5
SciVisJ.1043.12(4).png,Cont.-ColorPatn,0.44,5,4,7,1.4,0.2,11,0,1.0,4,3
VASTC.107.8.png,Cont.-ColorPatn,0.59,5,5,6,1.2,0.25,11,0,1.0,5,3
VisC.233.1.png,Cont.-ColorPatn,0.57,5,4,7,1.4,0.2,11,0,1.0,4,3
VisJ.1413.7.png,Cont.-ColorPatn,0.75,5,3,5,1.0,0.15,8,0,1.0,3,4
v484_n7392_13_f1(1).png,Cont.-ColorPatn,0.57,5,4,5,1.0,0.2,4,5,0.44,4,3
VisC.255.7.png,Cont.-ColorPatn,0.38,5,4,5,1.0,0.2,9,0,1.0,4,3
SciVisJ.2305.5.png,Cont.-ColorPatn,0.56,5,4,5,1.0,0.2,9,0,1.0,4,4
SciVisJ.2926.1.png,Cont.-ColorPatn,0.74,5,4,5,1.0,0.2,9,0,1.0,4,5
SciVisJ.1246.8.png,Cont.-ColorPatn,0.7,5,3,7,1.4,0.15,10,0,1.0,3,4
SciVisJ.259.14.png,Cont.-ColorPatn,0.75,5,4,5,1.0,0.2,6,3,0.67,4,3
InfoVisJ.651.7.png,Cont.-ColorPatn,0.56,5,5,7,1.4,0.25,12,0,1.0,5,2
SciVisJ.796.18.png,Cont.-ColorPatn,0.51,5,3,5,1.0,0.15,8,0,1.0,3,3
SciVisJ.1819.4(5).png,Cont.-ColorPatn,0.59,5,4,6,1.2,0.2,10,0,1.0,4,2
SciVisJ.744.13.png,Cont.-ColorPatn,0.54,6,5,7,1.17,0.167,12,0,1.0,5,4
InfoVisJ.2181.9.png,Cont.-ColorPatn,0.65,6,5,7,1.17,0.167,12,0,1.0,5,4
VisJ.1541.1(2).png,Cont.-ColorPatn,0.77,5,4,6,1.2,0.2,8,2,0.8,4,2
VisC.623.5.png,Cont.-ColorPatn,0.71,5,3,5,1.0,0.15,8,0,1.0,3,3
SciVisJ.625.5.png,Cont.-ColorPatn,0.54,5,3,5,1.0,0.15,7,1,0.88,3,3
VASTC.19.8.png,Cont.-ColorPatn,0.68,6,4,6,1.0,0.133,10,0,1.0,4,4
VisC.495.10(1).png,Cont.-ColorPatn,0.6,4,3,4,1.0,0.25,0,7,0.0,3,3
SciVisJ.796.5(1).png,Cont.-ColorPatn,0.47,5,4,6,1.2,0.2,10,0,1.0,4,4
SciVisJ.635.6.png,Cont.-ColorPatn,0.42,6,5,6,1.0,0.167,11,0,1.0,5,2
SciVisJ.821.4.png,Cont.-ColorPatn,0.8,5,5,7,1.4,0.25,12,0,1.0,5,5
VisC.433.1.png,Cont.-ColorPatn,0.63,5,4,5,1.0,0.2,9,0,1.0,4,2
VisC.599.6.png,Cont.-ColorPatn,0.53,6,5,6,1.0,0.167,11,0,1.0,5,4
SciVisJ.1043.12(5).png,Cont.-ColorPatn,0.56,5,4,5,1.0,0.2,9,0,1.0,4,5
v483_n7391_8_f5.png,Cont.-ColorPatn,0.62,7,5,7,1.0,0.119,12,0,1.0,5,4
VisJ.1515.12.png,Cont.-ColorPatn,0.58,6,4,8,1.33,0.133,12,0,1.0,4,4
SciVisJ.1819.4.png,Cont.-ColorPatn,0.53,6,5,7,1.17,0.167,12,0,1.0,5,4
VisC.233.3(2).png,Cont.-ColorPatn,0.59,5,4,6,1.2,0.2,10,0,1.0,3,2
VisC.295.3.png,Cont.-ColorPatn,0.59,5,4,6,1.2,0.2,10,0,1.0,4,2
VisC.175.1(3).png,Cont.-ColorPatn,0.63,4,4,5,1.25,0.333,9,0,1.0,4,3
SciVisJ.857.8(3).png,Cont.-ColorPatn,0.64,5,4,6,1.2,0.2,9,1,0.9,4,2
SciVisJ.2926.3.png,Cont.-ColorPatn,0.66,5,3,5,1.0,0.15,5,3,0.62,3,2
SciVisJ.801.15.png,Cont.-ColorPatn,0.66,5,4,5,1.0,0.2,9,0,1.0,4,2
VASTJ.170.6.png,Cont.-ColorPatn,0.66,5,4,5,1.0,0.2,6,3,0.67,4,2
InfoVisJ.681.1.png,Cont.-ColorPatn,0.69,6,5,7,1.17,0.167,11,1,0.92,5,3
SciVisJ.1043.14.png,Cont.-ColorPatn,0.71,4,3,5,1.25,0.25,8,0,1.0,2,3
SciVisJ.259.7.png,Cont.-ColorPatn,0.75,5,4,5,1.0,0.2,9,0,1.0,4,4
InfoVisJ.413.3.png,Cont.-ColorPatn,0.81,5,4,6,1.2,0.2,10,0,1.0,3,3
SciVisJ.765.11.png,Cont.-ColorPatn,0.82,6,5,6,1.0,0.167,11,0,1.0,5,4
SciVisJ.975.7.png,Cont.-ColorPatn,0.63,6,4,6,1.0,0.133,9,1,0.9,4,4
InfoVisJ.1558.9(2).png,Glyph,0.61,5,4,6,1.2,0.2,10,0,1.0,4,3
VisC.73.8.png,Glyph,0.92,5,3,6,1.2,0.15,9,0,1.0,3,3
VisJ.1197.3.png,Glyph,0.52,4,3,5,1.25,0.25,8,0,1.0,3,3
VisJ.1595.7.png,Glyph,0.62,5,4,5,1.0,0.2,9,0,1.0,4,3
VisJ.1329.4(2).png,Glyph,0.75,5,4,5,1.0,0.2,9,0,1.0,4,3
VisC.249.5.png,Glyph,0.67,5,4,5,1.0,0.2,9,0,1.0,4,3
InfoVisJ.2576.2.png,Glyph,0.55,5,3,6,1.2,0.15,0,9,0.0,3,4
VisJ.1949.11.png,Glyph,0.45,5,4,6,1.2,0.2,10,0,1.0,4,4
InfoVisJ.1558.11(6).png,Glyph,0.6,5,4,5,1.0,0.2,2,7,0.22,4,2
SciVisJ.797.13.png,Glyph,0.73,5,4,5,1.0,0.2,9,0,1.0,4,4
SciVisJ.891.13.png,Glyph,0.91,5,5,6,1.2,0.25,8,3,0.73,5,4
VisC.27.5.png,Glyph,0.76,5,3,6,1.2,0.15,9,0,1.0,3,4
VisJ.1197.5.png,Glyph,0.7,5,5,7,1.4,0.25,12,0,1.0,5,3
InfoVisJ.2251.3(3).png,Glyph,0.35,5,3,6,1.2,0.15,7,2,0.78,3,4
SciVisJ.728.4(2).png,Glyph,0.41,5,4,7,1.4,0.2,11,0,1.0,4,3
SciVisJ.980.7(2).png,Glyph,0.65,5,4,5,1.0,0.2,0,9,0.0,4,4
SciVisJ.797.11(3).png,Glyph,0.65,3,2,5,1.67,0.333,7,0,1.0,2,3
VisJ.1949.18(3).png,Glyph,0.57,6,5,6,1.0,0.167,7,4,0.64,5,3
VisC.559.6.png,Glyph,0.51,6,5,7,1.17,0.167,12,0,1.0,5,4
v487_n7406_7_f3.png,Glyph,0.7,5,3,6,1.2,0.15,9,0,1.0,3,2
VisJ.1329.1(4).png,Glyph,0.64,5,4,5,1.0,0.2,9,0,1.0,4,3
VASTC.43.2.png,Glyph,0.75,5,5,7,1.4,0.25,12,0,1.0,5,2
InfoVisJ.2251.1(3).png,Glyph,0.57,6,4,6,1.0,0.133,6,4,0.6,4,4
SciVisJ.797.13(3).png,Glyph,0.66,5,5,7,1.4,0.25,12,0,1.0,5,3
VisJ.1595.6(2).png,Glyph,0.54,7,5,7,1.0,0.119,12,0,1.0,5,3
InfoVisJ.1558.5.png,Glyph,0.41,5,4,6,1.2,0.2,3,7,0.3,4,3
VisJ.1197.5(4).png,Glyph,0.72,5,4,7,1.4,0.2,11,0,1.0,4,4
VisJ.1499.8.png,Glyph,0.69,5,4,5,1.0,0.2,9,0,1.0,4,2
VisJ.1421.5(2).png,Glyph,0.34,5,4,5,1.0,0.2,9,0,1.0,4,5
SciVisJ.797.13(4).png,Glyph,0.53,5,4,6,1.2,0.2,10,0,1.0,4,4
SciVisC.49.5.png,Glyph,0.55,6,5,7,1.17,0.167,12,0,1.0,4,4
VisJ.1949.4(3).png,Glyph,0.64,5,3,5,1.0,0.15,8,0,1.0,3,4
SciVisJ.980.7.png,Glyph,0.67,5,3,7,1.4,0.15,10,0,1.0,3,4
VisC.647.8.png,Glyph,0.74,6,4,7,1.17,0.133,11,0,1.0,4,4
VisJ.1329.5(3).png,Glyph,0.76,4,4,5,1.25,0.333,9,0,1.0,4,3
InfoVisJ.1558.9.png,Glyph,0.54,7,5,7,1.0,0.119,11,1,0.92,5,5
VisJ.1197.5(3).png,Glyph,0.76,6,5,7,1.17,0.167,12,0,1.0,5,3
VisC.389.7.png,Glyph,0.85,5,4,5,1.0,0.2,9,0,1.0,3,4
VASTC.81.3(2).png,Glyph,0.28,5,4,5,1.0,0.2,0,9,0.0,4,3
SciVisJ.980.9.png,Glyph,0.32,6,4,6,1.0,0.133,7,3,0.7,4,4
VisJ.1949.7(2).png,Glyph,0.51,5,3,5,1.0,0.15,8,0,1.0,3,3
SciVisJ.980.13.png,Glyph,0.52,4,3,5,1.25,0.25,8,0,1.0,3,2
VisJ.1949.2.png,Glyph,0.53,5,4,5,1.0,0.2,9,0,1.0,4,3
VisJ.1499.2.png,Glyph,0.54,4,3,4,1.0,0.25,0,7,0.0,3,2
InfoVisJ.2251.1(2).png,Glyph,0.56,5,4,5,1.0,0.2,9,0,1.0,4,2
InfoVisJ.1558.11(3).png,Glyph,0.57,6,5,6,1.0,0.167,11,0,1.0,5,4
VisJ.1949.13.png,Glyph,0.6,5,3,6,1.2,0.15,9,0,1.0,3,3
VisJ.1949.11(2).png,Glyph,0.61,4,3,4,1.0,0.25,7,0,1.0,3,2
VisJ.1949.18.png,Glyph,0.63,5,5,6,1.2,0.25,11,0,1.0,5,2
VisC.249.6.png,Glyph,0.64,4,3,5,1.25,0.25,8,0,1.0,3,2
InfoVisJ.1558.7.png,Glyph,0.65,4,2,5,1.25,0.167,6,1,0.86,2,2
SciVisJ.995.10(3).png,Glyph,0.66,6,5,7,1.17,0.167,11,1,0.92,5,4
VisC.248.3.png,Glyph,0.67,5,4,7,1.4,0.2,6,5,0.55,4,2
SciVisJ.877.8(2).png,Glyph,0.68,4,3,4,1.0,0.25,3,4,0.43,3,2
VisJ.1329.1.png,Glyph,0.7,5,4,5,1.0,0.2,9,0,1.0,4,4
VisC.73.8(2).png,Glyph,0.7,5,5,7,1.4,0.25,12,0,1.0,5,3
v490_n7420_13_f1.png,Glyph,0.71,4,4,5,1.25,0.333,9,0,1.0,3,2
VisJ.1595.9(2).png,Glyph,0.71,5,4,5,1.0,0.2,6,3,0.67,4,2
SciVisJ.821.16.png,Glyph,0.72,4,2,4,1.0,0.167,6,0,1.0,2,3
VisJ.1499.5.png,Glyph,0.74,4,3,4,1.0,0.25,5,2,0.71,3,2
SciVisJ.980.12(2).png,Glyph,0.77,6,4,6,1.0,0.133,5,5,0.5,4,6
VisJ.1949.16(2).png,Glyph,0.81,6,4,6,1.0,0.133,10,0,1.0,4,4
SciVisJ.867.7.png,Glyph,0.84,6,4,6,1.0,0.133,10,0,1.0,4,4
SciVisJ.2664.2.png,Glyph,0.74,5,5,7,1.4,0.25,12,0,1.0,5,4
SciVisJ.822.12.png,Grid,0.77,4,3,4,1.0,0.25,6,1,0.86,3,2
InfoVisJ.1073.3.png,Grid,0.47,5,4,5,1.0,0.2,9,0,1.0,4,4
v488_n7409_19_f1.png,Grid,0.75,7,5,7,1.0,0.119,12,0,1.0,5,4
InfoVisJ.1149.8(2).png,Grid,0.76,5,4,7,1.4,0.2,11,0,1.0,4,3
InfoVisJ.2102.16.png,Grid,0.77,6,5,7,1.17,0.167,12,0,1.0,5,4
v487_n7407_7_f2.png,Grid,0.85,5,4,5,1.0,0.2,3,6,0.33,4,3
VASTJ.31.2.png,Grid,0.65,5,4,6,1.2,0.2,10,0,1.0,4,2
InfoVisJ.1933.13.png,Grid,0.68,5,5,7,1.4,0.25,12,0,1.0,5,4
InfoVisJ.1073.1.png,Grid,0.73,5,3,5,1.0,0.15,8,0,1.0,3,3
VASTC.123.3.png,Grid,0.54,5,4,6,1.2,0.2,9,1,0.9,4,2
VASTJ.2908.2.png,Grid,0.52,5,4,5,1.0,0.2,9,0,1.0,4,3
SciVisJ.807.5(2).png,Grid,0.54,5,4,7,1.4,0.2,0,11,0.0,4,3
SciVisJ.728.14.png,Grid,0.5,6,5,7,1.17,0.167,10,2,0.83,5,5
VASTC.3.3.png,Grid,0.71,5,4,5,1.0,0.2,9,0,1.0,4,3
VASTC.59.11(1).png,Grid,0.53,5,4,6,1.2,0.2,10,0,1.0,4,3
SciVisJ.1236.10.png,Grid,0.72,6,5,7,1.17,0.167,12,0,1.0,5,4
InfoVisJ.946.6.png,Grid,0.57,5,4,5,1.0,0.2,9,0,1.0,4,4
VASTJ.1160.6.png,Grid,0.62,5,4,7,1.4,0.2,11,0,1.0,3,2
visMost83.png,Grid,0.52,5,4,5,1.0,0.2,9,0,1.0,4,3
InfoVisJ.2072.12.png,Grid,0.57,4,3,5,1.25,0.25,8,0,1.0,3,3
VASTC.115.3.png,Grid,0.64,5,4,5,1.0,0.2,9,0,1.0,4,3
VisC.147.8(2).png,Grid,0.4,4,4,5,1.25,0.333,9,0,1.0,4,2
VASTJ.1764.2.png,Grid,0.61,5,4,5,1.0,0.2,9,0,1.0,4,3
VASTJ.31.12(3).png,Grid,0.57,5,4,7,1.4,0.2,10,1,0.91,4,4
VASTC.24.5.png,Grid,0.55,6,5,7,1.17,0.167,12,0,1.0,5,4
VASTC.41.5.png,Grid,0.84,5,4,6,1.2,0.2,10,0,1.0,4,3
InfoVisJ.1149.6(1).png,Grid,0.95,5,5,7,1.4,0.25,12,0,1.0,5,2
VASTJ.870.4.png,Grid,0.48,4,4,6,1.5,0.333,0,10,0.0,4,3
vis393.png,Grid,0.6,5,4,6,1.2,0.2,10,0,1.0,4,4
VASTJ.1160.7.png,Grid,0.72,6,5,7,1.17,0.167,12,0,1.0,5,4
InfoVisJ.449.8.png,Grid,0.94,5,4,6,1.2,0.2,10,0,1.0,4,2
InfoVisJ.2082.3.png,Grid,0.78,7,5,7,1.0,0.119,9,3,0.75,5,4
VASTJ.320.9.png,Grid,0.8,4,4,5,1.25,0.333,9,0,1.0,4,3
VisC.297.4.png,Grid,0.31,5,4,6,1.2,0.2,2,8,0.2,4,3
InfoVisJ.935.6.png,Grid,0.45,5,4,5,1.0,0.2,9,0,1.0,3,3
InfoVisJ.935.9.png,Grid,0.46,4,3,5,1.25,0.25,0,8,0.0,3,2
visMost107.png,Grid,0.48,4,3,5,1.25,0.25,8,0,1.0,3,2
InfoVisJ.963.7.png,Grid,0.51,5,4,5,1.0,0.2,0,9,0.0,4,3
InfoVisJ.369.3.png,Grid,0.51,5,4,5,1.0,0.2,9,0,1.0,4,2
SciVisJ.807.5.png,Grid,0.52,4,3,5,1.25,0.25,1,7,0.12,3,3
SciVisJ.857.9.png,Grid,0.53,6,5,7,1.17,0.167,12,0,1.0,5,4
SciVisJ.891.2.png,Grid,0.53,5,3,5,1.0,0.15,8,0,1.0,2,3
VASTJ.51.8.png,Grid,0.53,5,4,5,1.0,0.2,9,0,1.0,4,2
VASTJ.120.3(6).png,Grid,0.54,4,3,5,1.25,0.25,0,8,0.0,3,4
InfoVisJ.967.6.png,Grid,0.57,5,3,5,1.0,0.15,0,8,0.0,3,4
InfoVisJ.2023.3.png,Grid,0.57,5,4,6,1.2,0.2,9,1,0.9,4,4
VASTJ.1139.4.png,Grid,0.62,5,5,6,1.2,0.25,11,0,1.0,5,2
InfoVisJ.522.15.png,Grid,0.64,5,4,6,1.2,0.2,8,2,0.8,4,3
InfoVisJ.459.2.png,Grid,0.65,5,4,5,1.0,0.2,9,0,1.0,4,3
VASTJ.111.8.png,Grid,0.68,5,4,7,1.4,0.2,8,3,0.73,4,3
SciVisJ.1005.12.png,Grid,0.7,6,4,6,1.0,0.133,10,0,1.0,4,4
InfoVisJ.464.11.png,Grid,0.7,5,4,5,1.0,0.2,9,0,1.0,4,3
InfoVisJ.451.5.png,Grid,0.71,5,4,6,1.2,0.2,10,0,1.0,3,2
SciVisJ.700.11.png,Grid,0.72,5,4,6,1.2,0.2,10,0,1.0,4,4
VASTC.187.3(2).png,Grid,0.73,5,4,6,1.2,0.2,10,0,1.0,4,4
VASTC.1.8.png,Grid,0.73,5,4,5,1.0,0.2,9,0,1.0,4,3
SciVisC.25.4.png,Grid,0.77,5,4,6,1.2,0.2,10,0,1.0,4,3
VASTJ.270.11.png,Grid,0.78,5,4,6,1.2,0.2,10,0,1.0,4,3
VASTC.123.1.png,Grid,0.81,5,4,5,1.0,0.2,9,0,1.0,4,2
VASTC.115.2.png,Grid,0.82,4,4,6,1.5,0.333,10,0,1.0,4,4
vis734.png,Grid,0.84,4,3,5,1.25,0.25,8,0,1.0,3,2
SciVisJ.1005.1.png,Grid,0.87,5,3,6,1.2,0.15,9,0,1.0,3,4
InfoVisC.173.9.png,Grid,0.91,5,4,6,1.2,0.2,7,3,0.7,4,3
VASTC.115.5.png,Grid,0.91,5,4,5,1.0,0.2,9,0,1.0,4,2
SciVisJ.822.18.png,Grid,0.57,6,4,6,1.0,0.133,2,8,0.2,4,4
whoB09_1.png,Line,0.49,6,4,6,1.0,0.133,10,0,1.0,4,4
v490_n7420_13_f4.png,Line,0.58,5,4,6,1.2,0.2,5,5,0.5,4,5
v484_n7393_1_f6.png,Line,0.41,6,5,7,1.17,0.167,12,0,1.0,5,4
VisC.199.5.png,Line,0.26,5,4,5,1.0,0.2,0,9,0.0,4,5
InfoVisJ.1247.10.png,Line,0.47,6,5,7,1.17,0.167,5,7,0.42,5,4
VisC.163.2.png,Line,0.55,5,4,7,1.4,0.2,10,1,0.91,4,5
wsj371.png,Line,0.41,6,5,7,1.17,0.167,8,4,0.67,5,5
VisC.375.5.png,Line,0.74,4,4,5,1.25,0.333,9,0,1.0,4,4
whoQ48_6.png,Line,0.3,5,3,5,1.0,0.15,0,8,0.0,3,5
economist_daily_chart_118.png,Line,0.5,5,4,5,1.0,0.2,0,9,0.0,4,4
InfoVisC.103.9.png,Line,0.46,5,4,5,1.0,0.2,9,0,1.0,4,4
whoQ42_6.png,Line,0.59,5,3,5,1.0,0.15,8,0,1.0,3,3
economist_daily_chart_521.png,Line,0.53,5,4,6,1.2,0.2,10,0,1.0,4,4
VisJ.1431.7.png,Line,0.15,5,3,5,1.0,0.15,6,2,0.75,3,3
v482_n7386_10_f2.png,Line,0.44,6,4,6,1.0,0.133,5,5,0.5,3,3
v484_n7392_1_f4.png,Line,0.78,5,4,5,1.0,0.2,9,0,1.0,4,2
whoK27_2.png,Line,0.38,6,4,6,1.0,0.133,5,5,0.5,4,4
SciVisJ.1025.10.png,Line,0.58,5,4,5,1.0,0.2,2,7,0.22,4,4
wsj603.png,Line,0.57,6,5,7,1.17,0.167,10,2,0.83,5,3
v487_n7405_7_f1.png,Line,0.8,5,3,5,1.0,0.15,8,0,1.0,3,4
treasuryG07_2.png,Line,0.31,4,3,5,1.25,0.25,0,8,0.0,3,3
SciVisJ.867.6.png,Line,0.59,5,4,5,1.0,0.2,9,0,1.0,4,3
wsj270.png,Line,0.45,5,4,7,1.4,0.2,3,8,0.27,4,3
VisC.255.4.png,Line,0.56,6,5,7,1.17,0.167,11,1,0.92,3,3
VisJ.1243.3.png,Line,0.51,6,4,6,1.0,0.133,10,0,1.0,4,4
VisC.171.4.png,Line,0.46,6,5,6,1.0,0.167,11,0,1.0,4,4
VisC.87.8.png,Line,0.43,6,4,6,1.0,0.133,2,8,0.2,4,2
InfoVisJ.659.6.png,Line,0.37,4,2,4,1.0,0.167,6,0,1.0,2,3
VASTC.1.12.png,Line,0.46,5,4,7,1.4,0.2,11,0,1.0,4,3
whoI19.png,Line,0.49,5,4,6,1.2,0.2,0,10,0.0,4,4
wsj359.png,Line,0.56,6,4,5,0.83,0.133,9,0,1.0,4,4
VisC.263.7.png,Line,0.57,5,4,7,1.4,0.2,11,0,1.0,4,4
v483_n7387_5_f1.png,Line,0.71,6,5,7,1.17,0.167,12,0,1.0,4,5
whoJ44.png,Line,0.31,4,3,5,1.25,0.25,0,8,0.0,3,3
VASTJ.432.7.png,Line,0.4,4,3,5,1.25,0.25,0,8,0.0,3,3
InfoVisJ.1247.14.png,Line,0.4,5,4,5,1.0,0.2,9,0,1.0,3,3
InfoVisJ.1655.8.png,Line,0.42,4,3,5,1.25,0.25,5,3,0.62,3,3
VisC.29.16.png,Line,0.45,5,4,5,1.0,0.2,6,3,0.67,4,5
VASTC.1.10.png,Line,0.46,5,3,5,1.0,0.15,8,0,1.0,2,3
whoO03.png,Line,0.48,4,2,4,1.0,0.167,0,6,0.0,2,3
v489_n7414_25_f2.png,Line,0.53,5,3,5,1.0,0.15,7,1,0.88,3,3
InfoVisJ.1022.6.png,Line,0.55,5,4,5,1.0,0.2,0,9,0.0,4,4
wsj108.png,Line,0.55,5,3,5,1.0,0.15,0,8,0.0,3,5
visMost92.png,Line,0.58,7,5,7,1.0,0.119,12,0,1.0,5,5
v484_n7392_9_f3.png,Line,0.67,5,4,5,1.0,0.2,9,0,1.0,4,4
InfoVisC.8.7.png,Line,0.72,5,3,5,1.0,0.15,8,0,1.0,3,2
v490_n7418_12_f3.png,Line,0.73,6,5,7,1.17,0.167,11,1,0.92,5,4
v483_n7390_1_f2.png,Line,0.5,5,3,5,1.0,0.15,6,2,0.75,3,4
InfoVisJ.1677.10.png,Node-link,0.64,6,5,7,1.17,0.167,12,0,1.0,5,4
InfoVisJ.339.3.png,Node-link,0.51,6,5,7,1.17,0.167,8,4,0.67,5,4
VASTJ.1698.5(4).png,Node-link,0.95,6,5,7,1.17,0.167,12,0,1.0,4,3
VisC.61.10(2).png,Node-link,0.37,5,3,5,1.0,0.15,0,8,0.0,3,3
vis737.png,Node-link,0.71,5,4,6,1.2,0.2,10,0,1.0,4,4
InfoVisC.65.5(2).png,Node-link,0.92,6,5,7,1.17,0.167,12,0,1.0,5,3
VisC.61.10.png,Node-link,0.46,4,4,5,1.25,0.333,9,0,1.0,4,2
visMost76.png,Node-link,0.55,6,4,7,1.17,0.133,11,0,1.0,4,2
InfoVisJ.349.1.png,Node-link,0.63,6,5,7,1.17,0.167,11,1,0.92,5,3
InfoVisC.65.6(2).png,Node-link,0.89,5,4,5,1.0,0.2,9,0,1.0,4,2
vis666.png,Node-link,0.68,6,5,7,1.17,0.167,11,1,0.92,5,2
VisC.77.17.png,Node-link,0.51,5,3,5,1.0,0.15,8,0,1.0,3,3
VisC.11.12(2).png,Node-link,0.79,6,4,7,1.17,0.133,10,1,0.91,4,3
InfoVisC.65.3.png,Node-link,0.4,6,4,6,1.0,0.133,10,0,1.0,4,4
InfoVisJ.2709.1.png,Node-link,0.78,6,4,6,1.0,0.133,10,0,1.0,4,3
SciVisJ.896.3.png,Node-link,0.71,4,4,5,1.25,0.333,9,0,1.0,4,3
VASTC.1.7.png,Node-link,0.7,7,5,8,1.14,0.119,13,0,1.0,5,3
SciVisJ.1290.8.png,Node-link,0.43,4,3,5,1.25,0.25,8,0,1.0,3,3
InfoVisC.27.6.png,Node-link,0.76,5,4,5,1.0,0.2,9,0,1.0,4,2
visMost38.png,Node-link,0.75,5,4,6,1.2,0.2,10,0,1.0,4,2
InfoVisJ.2699.12.png,Node-link,0.76,6,5,7,1.17,0.167,12,0,1.0,4,2
VASTJ.1139.3(2).png,Node-link,0.34,6,5,7,1.17,0.167,0,12,0.0,5,3
InfoVisC.65.4.png,Node-link,0.38,5,4,5,1.0,0.2,9,0,1.0,4,3
InfoVisJ.349.1(2).png,Node-link,0.56,5,4,5,1.0,0.2,9,0,1.0,4,3
InfoVisJ.2466.7.png,Node-link,0.77,6,5,7,1.17,0.167,12,0,1.0,4,4
VASTJ.200.8.png,Node-link,0.78,6,5,7,1.17,0.167,12,0,1.0,5,3
VisC.383.7.png,Node-link,0.92,6,5,7,1.17,0.167,12,0,1.0,4,2
InfoVisC.65.4(2).png,Node-link,0.45,5,4,5,1.0,0.2,9,0,1.0,4,3
InfoVisJ.401.12.png,Node-link,0.7,6,5,7,1.17,0.167,12,0,1.0,5,4
InfoVisJ.339.10.png,Node-link,0.51,6,5,7,1.17,0.167,12,0,1.0,5,3
VASTJ.1448.5.png,Node-link,0.6,4,4,5,1.25,0.333,9,0,1.0,4,3
np_11.png,Node-link,0.65,7,5,7,1.0,0.119,12,0,1.0,5,3
VASTJ.1.7.png,Node-link,0.83,4,3,5,1.25,0.25,8,0,1.0,3,2
vis796.png,Node-link,0.81,5,3,6,1.2,0.15,9,0,1.0,3,3
InfoVisC.103.4.png,Node-link,0.39,5,4,7,1.4,0.2,1,10,0.09,4,3
VASTJ.111.5.png,Node-link,0.53,5,4,5,1.0,0.2,9,0,1.0,3,4
InfoVisJ.349.8(4).png,Node-link,0.58,6,4,6,1.0,0.133,10,0,1.0,4,4
InfoVisJ.1063.13.png,Node-link,0.67,5,3,5,1.0,0.15,3,5,0.38,3,2
VASTJ.160.2.png,Node-link,0.74,6,5,7,1.17,0.167,12,0,1.0,4,3
vis567.png,Node-link,0.93,5,4,7,1.4,0.2,11,0,1.0,4,3
InfoVisJ.2072.7.png,Node-link,0.58,5,4,5,1.0,0.2,4,5,0.44,4,3
InfoVisJ.349.8.png,Node-link,0.6,5,4,5,1.0,0.2,9,0,1.0,4,4
VASTJ.1407.9.png,Node-link,0.63,6,5,7,1.17,0.167,12,0,1.0,4,3
VisC.375.9(3).png,Node-link,0.34,3,3,5,1.67,0.5,0,8,0.0,3,2
InfoVisC.65.3(2).png,Node-link,0.39,4,3,5,1.25,0.25,0,8,0.0,3,3
VisC.375.9(2).png,Node-link,0.4,5,3,5,1.0,0.15,0,8,0.0,3,2
InfoVisC.133.5(3).png,Node-link,0.48,6,5,7,1.17,0.167,11,1,0.92,4,4
VASTC.121.5.png,Node-link,0.54,5,4,6,1.2,0.2,10,0,1.0,4,2
VisC.389.1(3).png,Node-link,0.55,5,4,6,1.2,0.2,9,1,0.9,4,2
InfoVisJ.1257.5.png,Node-link,0.56,5,4,5,1.0,0.2,9,0,1.0,3,3
SciVisJ.645.3.png,Node-link,0.56,4,3,5,1.25,0.25,0,8,0.0,3,3
InfoVisJ.957.25.png,Node-link,0.58,5,3,5,1.0,0.15,0,8,0.0,3,2
InfoVisJ.349.1(3).png,Node-link,0.64,5,4,5,1.0,0.2,8,1,0.89,4,2
v488_n7410_15_f3.png,Node-link,0.65,6,4,7,1.17,0.133,11,0,1.0,4,3
wsj91.png,Node-link,0.69,5,4,7,1.4,0.2,10,1,0.91,4,2
VASTJ.1.5.png,Node-link,0.69,5,4,6,1.2,0.2,10,0,1.0,4,2
v483_n7390_14_f3.png,Node-link,0.7,5,4,7,1.4,0.2,11,0,1.0,4,3
InfoVisJ.2486.8.png,Node-link,0.72,5,4,7,1.4,0.2,8,3,0.73,4,2
v488_n7409_12_f4.png,Node-link,0.73,4,3,5,1.25,0.25,8,0,1.0,3,2
np_48.png,Node-link,0.74,5,4,5,1.0,0.2,9,0,1.0,4,3
InfoVisC.219.8.png,Node-link,0.76,5,4,6,1.2,0.2,10,0,1.0,3,3
InfoVisJ.1063.13(3).png,Node-link,0.81,5,4,6,1.2,0.2,10,0,1.0,4,4
VASTJ.1.10.png,Node-link,0.84,5,4,5,1.0,0.2,8,1,0.89,4,2
vis216.png,Node-link,0.78,4,5,7,1.75,0.417,12,0,1.0,5,3
VASTJ.1448.5(2).png,Node-link,0.68,5,4,5,1.0,0.2,9,0,1.0,2,3
vis673.png,Node-link,0.79,5,4,5,1.0,0.2,7,2,0.78,3,3
InfoVisJ.1569.6.png,Point,0.56,5,3,5,1.0,0.15,0,8,0.0,3,4
InfoVisJ.485.9.png,Point,0.67,7,5,7,1.0,0.119,12,0,1.0,5,4
wsj533.png,Point,0.59,5,4,6,1.2,0.2,0,10,0.0,4,4
visMost634.png,Point,0.7,4,3,5,1.25,0.25,0,8,0.0,2,3
wsj294.png,Point,0.59,6,4,7,1.17,0.133,11,0,1.0,4,5
v488_n7413_12_f2.png,Point,0.59,6,5,6,1.0,0.167,11,0,1.0,5,4
InfoVisC.157.1.png,Point,0.77,6,4,7,1.17,0.133,11,0,1.0,4,4
vis652.png,Point,0.44,7,5,7,1.0,0.119,12,0,1.0,5,4
economist_daily_chart_393.png,Point,0.42,6,5,7,1.17,0.167,9,3,0.75,5,4
whoK22.png,Point,0.58,5,4,6,1.2,0.2,10,0,1.0,4,3
v485_n7399_9_f5.png,Point,0.56,5,4,6,1.2,0.2,4,6,0.4,4,3
InfoVisJ.989.8.png,Point,0.48,3,2,4,1.33,0.333,3,3,0.5,2,2
InfoVisJ.669.4.png,Point,0.59,4,3,5,1.25,0.25,4,4,0.5,3,3
VASTJ.151.12.png,Point,0.38,4,3,5,1.25,0.25,6,2,0.75,3,2
economist_daily_chart_349.png,Point,0.53,5,4,5,1.0,0.2,9,0,1.0,4,2
v487_n7407_14_f4.png,Point,0.74,6,5,6,1.0,0.167,7,4,0.64,5,3
vis639.png,Point,0.63,5,4,7,1.4,0.2,11,0,1.0,4,4
whoQ32_2.png,Point,0.56,5,4,5,1.0,0.2,9,0,1.0,4,3
VisC.251.7.png,Point,0.45,4,3,5,1.25,0.25,8,0,1.0,3,3
InfoVisJ.479.13.png,Point,0.51,5,4,5,1.0,0.2,5,4,0.56,4,3
VisJ.1431.19.png,Point,0.8,5,4,7,1.4,0.2,11,0,1.0,4,3
VisC.375.2.png,Point,0.76,5,5,6,1.2,0.25,11,0,1.0,5,3
VASTC.107.7.png,Point,0.68,6,5,7,1.17,0.167,12,0,1.0,5,4
v487_n7406_13_f2.png,Point,0.74,7,5,7,1.0,0.119,12,0,1.0,5,3
InfoVisJ.619.17.png,Point,0.54,5,4,7,1.4,0.2,11,0,1.0,4,4
SciVisJ.1025.11.png,Point,0.36,6,5,7,1.17,0.167,11,1,0.92,5,5
economist_daily_chart_152.png,Point,0.55,6,5,7,1.17,0.167,12,0,1.0,4,2
v488_n7410_20_f4.png,Point,0.66,5,4,6,1.2,0.2,10,0,1.0,4,5
VASTJ.1683.4(3).png,Point,0.68,5,4,5,1.0,0.2,1,8,0.11,4,3
np_21.png,Point,0.79,6,5,7,1.17,0.167,11,1,0.92,5,4
InfoVisJ.459.15.png,Point,0.62,5,3,5,1.0,0.15,5,3,0.62,3,4
VisC.527.1.png,Point,0.29,5,4,5,1.0,0.2,0,9,0.0,4,3
v486_n7401_7_f1.png,Point,0.39,5,4,6,1.2,0.2,0,10,0.0,4,4
wsj124.png,Point,0.41,4,3,5,1.25,0.25,0,8,0.0,3,4
InfoVisJ.1161.5.png,Point,0.48,4,3,5,1.25,0.25,2,6,0.25,3,3
InfoVisJ.1032.5.png,Point,0.48,5,4,5,1.0,0.2,8,1,0.89,4,4
InfoVisJ.629.8.png,Point,0.52,6,4,6,1.0,0.133,10,0,1.0,4,3
InfoVisJ.349.10.png,Point,0.56,6,5,6,1.0,0.167,11,0,1.0,5,3
v490_n7419_13_f3.png,Point,0.57,5,4,7,1.4,0.2,8,3,0.73,3,2
v488_n7412_8_f1.png,Point,0.57,5,4,6,1.2,0.2,3,7,0.3,4,3
visMost460.png,Point,0.57,5,4,5,1.0,0.2,9,0,1.0,4,2
SciVisJ.1580.11(2).png,Point,0.61,5,4,6,1.2,0.2,2,8,0.2,4,4
v485_n7396_14_f4.png,Point,0.63,6,5,6,1.0,0.167,11,0,1.0,5,4
VASTJ.422.7.png,Point,0.64,5,4,6,1.2,0.2,10,0,1.0,4,3
v490_n7419_7_f3.png,Point,0.64,5,4,6,1.2,0.2,10,0,1.0,4,4
whoQ30_1.png,Point,0.68,5,4,7,1.4,0.2,10,1,0.91,3,4
VisC.501.7(2).png,Point,0.72,5,4,6,1.2,0.2,10,0,1.0,4,3
economist_daily_chart_208.png,Point,0.73,6,5,6,1.0,0.167,11,0,1.0,5,4
InfoVisJ.1161.6.png,Point,0.73,5,4,5,1.0,0.2,2,7,0.22,3,3
v485_n7397_5_f1.png,Point,0.75,5,4,6,1.2,0.2,10,0,1.0,4,2
InfoVisJ.1229.6.png,Point,0.76,5,4,5,1.0,0.2,9,0,1.0,4,4
SciVisJ.561.7.png,Point,0.79,5,4,5,1.0,0.2,9,0,1.0,4,4
VASTJ.1683.4(2).png,Point,0.79,5,3,6,1.2,0.15,9,0,1.0,3,5
v485_n7400_14_f2.png,Point,0.82,5,3,5,1.0,0.15,8,0,1.0,3,4
economist_daily_chart_372.png,Point,0.46,5,4,6,1.2,0.2,10,0,1.0,4,4
InfoVisJ.599.10(2).png,Point,0.73,4,4,5,1.25,0.333,9,0,1.0,4,4
VASTJ.51.7.png,Point,0.37,6,4,6,1.0,0.133,4,6,0.4,4,5
wsj200.png,Point,0.73,5,3,5,1.0,0.15,8,0,1.0,2,5
InfoVisJ.2251.3.png,Schematic,0.28,5,4,6,1.2,0.2,10,0,1.0,3,4
InfoVisJ.2412.7(2).png,Schematic,0.36,4,3,6,1.5,0.25,0,9,0.0,3,3
InfoVisC.211.3(2).png,Schematic,0.33,4,3,6,1.5,0.25,0,9,0.0,3,3
InfoVisJ.2583.8.png,Schematic,0.52,5,3,7,1.4,0.15,5,5,0.5,3,3
InfoVisJ.2251.6.png,Schematic,0.49,4,3,5,1.25,0.25,8,0,1.0,3,4
SciVisJ.921.6.png,Schematic,0.73,5,4,7,1.4,0.2,10,1,0.91,4,3
InfoVisJ.2412.7.png,Schematic,0.19,3,3,5,1.67,0.5,0,8,0.0,3,2
InfoVisJ.2082.7.png,Table,0.73,5,4,6,1.2,0.2,10,0,1.0,4,3
InfoVisJ.647.13(2).png,Text,0.43,4,3,5,1.25,0.25,1,7,0.12,3,2
InfoVisJ.2556.7(2).png,Text,0.79,4,3,5,1.25,0.25,8,0,1.0,3,2
VASTJ.2012.4.png,Text,0.77,7,5,7,1.0,0.119,12,0,1.0,5,4
VASTC.13.9.png,Text,0.88,6,5,6,1.0,0.167,11,0,1.0,5,3
InfoVisJ.1169.5(2).png,Text,0.62,5,4,6,1.2,0.2,10,0,1.0,4,2
InfoVisJ.621.9.png,Text,0.63,4,3,5,1.25,0.25,0,8,0.0,3,2
VASTC.159.2.png,Text,0.69,4,4,6,1.5,0.333,0,10,0.0,4,2
VASTJ.1612.1(3).png,Text,0.68,5,4,5,1.0,0.2,9,0,1.0,4,3
InfoVisJ.621.2.png,Text,0.33,4,3,4,1.0,0.25,0,7,0.0,3,3
InfoVisJ.1190.8.png,Text,0.64,6,5,7,1.17,0.167,12,0,1.0,5,3
InfoVisJ.953.10.png,Text,0.47,4,3,6,1.5,0.25,0,9,0.0,3,4
VASTJ.1763.6.png,Text,0.65,4,2,5,1.25,0.167,7,0,1.0,2,2
InfoVisJ.2412.17(2).png,Text,0.61,4,4,5,1.25,0.333,9,0,1.0,4,2
VASTC.183.14(1).png,Text,0.62,3,3,3,1.0,0.5,0,6,0.0,3,2
VASTC.91.5(1).png,Text,0.74,6,5,7,1.17,0.167,12,0,1.0,5,2
MorphableWordClouds8.png,Text,0.5,5,3,6,1.2,0.15,9,0,1.0,3,2
MorphableWordClouds5.png,Text,0.53,5,4,5,1.0,0.2,4,5,0.44,4,2
InfoVisC.73.6.png,Text,0.39,6,5,7,1.17,0.167,12,0,1.0,5,2
InfoVisJ.2556.8.png,Text,0.61,5,4,6,1.2,0.2,7,3,0.7,4,3
InfoVisJ.2556.10.png,Text,0.49,5,4,7,1.4,0.2,11,0,1.0,4,2
InfoVisJ.647.7(2).png,Text,0.54,4,3,5,1.25,0.25,7,1,0.88,2,2
MorphableWordClouds12.png,Text,0.53,4,3,5,1.25,0.25,1,7,0.12,3,2
InfoVisJ.1137.1.png,Text,0.54,4,3,5,1.25,0.25,0,8,0.0,3,3
InfoVisJ.2556.10(2).png,Text,0.59,4,3,5,1.25,0.25,8,0,1.0,3,2
InfoVisJ.621.8.png,Text,0.6,4,3,5,1.25,0.25,0,8,0.0,3,2
VASTJ.2012.9(2).png,Text,0.67,6,5,7,1.17,0.167,12,0,1.0,5,3
VASTC.59.11(2).png,Text,0.84,4,3,5,1.25,0.25,8,0,1.0,3,2
InfoVisJ.621.6(2).png,Text,0.38,4,3,5,1.25,0.25,0,8,0.0,3,2
InfoVisJ.647.8(2).png,Text,0.42,5,4,5,1.0,0.2,9,0,1.0,4,2
InfoVisJ.691.6(3).png,Text,0.47,5,4,5,1.0,0.2,5,4,0.56,4,2
VASTJ.1763.8(2).png,Text,0.47,4,3,5,1.25,0.25,0,8,0.0,3,2
InfoVisJ.1149.17.png,Text,0.49,3,3,3,1.0,0.5,6,0,1.0,3,2
InfoVisJ.2412.16(2).png,Text,0.5,5,4,7,1.4,0.2,0,11,0.0,4,2
MorphableWordClouds20.png,Text,0.53,4,3,5,1.25,0.25,8,0,1.0,3,2
VASTC.91.5.png,Text,0.55,4,3,4,1.0,0.25,7,0,1.0,3,2
MorphableWordClouds21.png,Text,0.58,4,4,6,1.5,0.333,10,0,1.0,4,2
InfoVisJ.621.3.png,Text,0.6,5,4,6,1.2,0.2,10,0,1.0,4,3
VASTJ.220.1(2).png,Text,0.61,5,4,6,1.2,0.2,10,0,1.0,4,2
CiteRivers5(1).png,Text,0.62,4,3,4,1.0,0.25,2,5,0.29,3,2
InfoVisJ.2546.1.png,Text,0.63,5,5,7,1.4,0.25,12,0,1.0,5,2
InfoVisJ.1169.1.png,Text,0.64,5,4,5,1.0,0.2,9,0,1.0,4,2
VASTJ.250.13.png,Text,0.64,3,3,3,1.0,0.5,6,0,1.0,3,2
MorphableWordClouds13.png,Text,0.67,4,3,5,1.25,0.25,8,0,1.0,3,2
InfoVisC.24.3(2).png,Text,0.7,5,4,6,1.2,0.2,9,1,0.9,4,2
InfoVisJ.2556.9.png,Text,0.71,4,3,5,1.25,0.25,0,8,0.0,3,4
VASTC.51.10.png,Text,0.78,4,4,5,1.25,0.333,9,0,1.0,4,2
VASTJ.1612.1.png,Text,0.93,4,3,5,1.25,0.25,8,0,1.0,3,2
MorphableWordClouds11.png,Text,0.53,4,3,5,1.25,0.25,8,0,1.0,3,2
MorphableWordClouds7.png,Text,0.48,5,3,5,1.0,0.15,7,1,0.88,3,2
VASTJ.1612.1(4).png,Text,0.81,6,4,6,1.0,0.133,10,0,1.0,4,3
InfoVisJ.2546.10.png,Text,0.75,5,4,6,1.2,0.2,6,4,0.6,4,3
